{"cameraMode":{"drawMode":0,"name":"Shaded","section":"Shading Mode"},"sceneLighting":true,"audioPlay":false,"sceneViewState":{"m_AlwaysRefresh":false,"showFog":true,"showSkybox":true,"showFlares":true,"showImageEffects":true,"showParticleSystems":true,"showVisualEffectGraphs":true,"m_FxEnabled":true},"in2DMode":false,"pivot":{"x":-0.5151352286338806,"y":2.4368896484375,"z":-14.12211799621582},"rotation":{"x":0.029993830248713495,"y":0.006282415706664324,"z":-0.0001785675558494404,"w":0.9995391964912415},"size":3.747563362121582,"orthographic":true}